<?xml version="1.0" encoding="UTF-8"?>
<project-private xmlns="http://www.netbeans.org/ns/project-private/1">
    <editor-bookmarks xmlns="http://www.netbeans.org/ns/editor-bookmarks/2" lastBookmarkId="0"/>
    <open-files xmlns="http://www.netbeans.org/ns/projectui-open-files/2">
        <group>
            <file>file:/C:/Users/ASUS/Desktop/pi/src/Services/ReservationService.java</file>
            <file>file:/C:/Users/ASUS/Desktop/pi/src/Entities/Randonnees.java</file>
            <file>file:/C:/Users/ASUS/Desktop/pi/src/pi/FXMLDocumentController.java</file>
            <file>file:/C:/Users/ASUS/Desktop/pi/src/Entities/ReservationRandonnees.java</file>
            <file>file:/C:/Users/ASUS/Desktop/pi/src/IServices/ServiceInterface.java</file>
            <file>file:/C:/Users/ASUS/Desktop/pi/src/Services/RandonneeService.java</file>
        </group>
    </open-files>
</project-private>
